항목,우리 앱 영향,필요한 액션,우선순위
개인정보처리방침 URL,필수,공개 웹 URL 호스팅 + 문서 작성,P0
Data Safety Form,필수,수집 데이터 항목 폼 입력 (Privacy Policy 와 일치 필수),P0
SMS Permissions Declaration,RECEIVE_SMS + READ_SMS 사용 (Default SMS handler 아님),별도 승인 사유서 — 스미싱 보호 용도로 통과 가능,P0
Accessibility Service Use,브라우저 주소창 URL 읽기,사용자 가시 설명 + 사유서 (accessibility_description 활용),P1
Notification Listener Use,카카오 · 텔레그램 · LINE 등 메시지 앱 알림 읽기,사유 설명 + 데이터 처리 방침 명시,P1
Foreground Service Type,'specialUse' 사용 중,Play Console FGS 사유서 필요,P1
Content Rating Survey,폭력성 / 성적 콘텐츠 없음,IARC 설문 답변,P2
Target Age Group,13+ 또는 18+ 적정,Play Console 답변,P2
HTTPS 통신,현재 http://210.114.225.58:8087 cleartext,서버 HTTPS 도입 권장 (장기),P2
앱 아이콘 · 스크린샷 · 그래픽 자산,512x512 아이콘 / 1024x500 배너 / 스크린샷,제출용 자산 준비,P2
